['untappd.com'];8032
['www.ratebeer.com'];9037
['www.beeradvocate.com'];11108
['www.beermenus.com'];2888
['draftmag.com'];232
['coronadobrewing.com'];36
['sierranevada.com'];67
['www.complex.com'];11
['www.firestonebeer.com'];55
['www.cismontanebrewing.com'];3
['www.ballastpoint.com'];75
['www.youtube.com'];228
['www.greenflashbrew.com'];26
['www.nonsnobbeer.com'];3
['www.moderntimesbeer.com'];15
['21st-amendment.com'];22
['www.saintarcherbrewery.com'];11
['www.wine-searcher.com'];289
['www.klwines.com'];24
['goldenroad.la'];23
['www.taphunter.com'];244
['angelcitybrewery.com'];8
['beerconnoisseur.com'];408
['portbrewing.com'];10
['kneedeepbrewing.com'];13
['blackmarketbrew.com'];10
['www.lostcoast.com'];23
['www.totalwine.com'];1569
['www.commoncider.com'];6
['www.facebook.com'];40
['www.sixriversbrewery.com'];2
['www.dustbowlbrewing.com'];15
['www.bevmo.com'];110
['avbc.com'];41
['www.pastemagazine.com'];36
['www.brueryterreux.com'];16
['www.anchorbrewing.com'];52
['www.brewbound.com'];90
['www.motherearthbrewco.com'];12
['lostabbey.com'];30
['www.ciderbrothers.com'];5
['bearrepublic.com'];23
['www.thebruery.com'];22
['www.kingharborbrewing.com'];3
['www.craftbrewersguildma.com'];12
['www.holidaywinecellar.com'];32
['forum.cosmicpvp.com'];1
['cosmonautfuzz.bandcamp.com'];1
['apintofhoppiness.com'];4
['www.mendobrew.com'];10
['cvbco.com'];4
['www.stonebrewing.com'];163
['www.stonebrewing.eu'];6
['www.almanacbeer.com'];36
['www.acecider.com'];22
['indiebrewco.com'];3
['beerandbrewing.com'];123
['craftshack.com'];53
['www.bestdamnbeershop.com'];15
['eelriverbrewing.com'];17
['thefullpint.com'];52
['www.craftcity.com'];3
['www.target.com'];153
['www.craftbeer.com'];92
['www.craftbrewingbusiness.com'];5
['minibardelivery.com'];16
['lastnamebrewing.com'];4
['allaboutbeer.com'];145
['www.crispincider.com'];18
['menu.gordonbiersch.com'];4
['www.gordonbiersch.com'];12
['www.gordonbierschbrewing.com'];3
['www.beermonthclub.com'];178
['www.sheehanfamilycompanies.com'];43
['buffalobillsbrewery.com'];3
['beeradvocate.com'];12
['northcoastbrewing.com'];30
['drinkdrakes.com'];11
['www.telegraphbrewing.com'];8
['www.woollymammoth.net'];1
['www.glassdoor.com'];1
['www.linkedin.com'];5
['www.mammothfire.com'];1
['summonerswar.co'];1
['mammothbrewingco.com'];9
['www.americancraftbeer.com'];10
['www.paloaltobrewing.com'];1
['belchingbeaver.com'];3
['alpinebeerco.com'];8
['www.hangar24brewery.com'];13
['alesmith.com'];19
['www.qualityliquorstore.com'];8
['www.uncommonbrewers.com'];1
['www.thekitchn.com'];6
['ritualbrewing.com'];7
['www.brewreviewcrew.com'];11
['beerboard.com'];2
['www.buelltonmusic.com'];1
['sacramentopress.com'];2
['www.latimes.com'];14
['www.garagebrewco.com'];5
['track7brewing.com'];9
['www.mikehessbrewing.com'];11
['www.newschoolbeer.com'];32
['travelwellmagazine.com'];4
['www.porchdrinking.com'];31
['www.barrelhousebrewing.com'];14
['sonomacider.com'];13
['ciderjournal.com'];31
['www.artisan-distributing.com'];2
['wanderandwine.com'];2
['lagunitas.com'];42
['beerstreetjournal.com'];90
['www.101northbeer.com'];3
['www.julianhardcider.biz'];8
['www.realciderreviews.com'];5
['www.humboldtbrewingco.com'];5
['funkybuddhabrewery.com'];17
['tenemu.com'];15
['en.wikipedia.org'];821
['www.tiogausa.com'];4
['www.tiogapipe.com'];4
['www.whoi.edu'];3
['www.ocregister.com'];1
['loudwire.com'];1
['www.pennywisdom.com'];1
['www.tapitbrewing.com'];7
['www.brewerydb.com'];58
['hangar24brewery.com'];14
['hereticbrewing.com'];10
['camptioga.com'];1
['bottlelogic.com'];4
['www.101cider.com'];11
['www.craftbeerkings.com'];11
['www.threeweavers.la'];1
['www.559.beer'];1
['www.yelp.com'];12
['www.slobrew.com'];3
['www.highwaterbrewing.com'];8
['www.twpitchers.com'];3
['drizly.com'];74
['sufferfestbeer.com'];2
['www.vintagecellar.com'];2
['www.thewinecountry.com'];2
['vinoshipper.com'];4
['www.headlandsbrewing.com'];3
['www.nps.gov'];1
['factionbrewing.com'];3
['bineandvine.com'];5
['morganterritorybrewing.com'];2
['www.barebottle.com'];1
['www.millercoorsblog.com'];41
['www.bizjournals.com'];1
['craftdistillers.com'];1
['mybeerbuzz.blogspot.com'];24
['brooklynbrewery.com'];61
['sixpoint.com'];23
['bluepointbrewing.com'];18
['shmaltzbrewing.com'];18
['tworoadsbrewing.com'];29
['www.bluepointbrewing.com'];10
['www.unionbeerdist.com'];14
['ommegang.com'];25
['eviltwin.dk'];41
['gotbeer.com'];60
['www.walmart.com'];236
['www.france44.com'];10
['www.samsclub.com'];13
['www.publick.com'];4
['lawrenceville.jcanals.com'];4
['www.saranac.com'];22
['www.ommegang.com'];30
['craftbeerdistributors.com'];1
['www.mckenziesbeverages.com'];13
['www.wegmans.com'];9
['www.binnys.com'];94
['www.stbcbeer.com'];62
['thebronxbrewery.com'];12
['seagramsescapes.com'];56
['beerpulse.com'];23
['www.honeybrownlager.com'];6
['canamrugby.com'];2
['www.saranaclake.com'];1
['www.captainlawrencebrewing.com'];10
['boozedancing.com'];3
['jksfarmhouseciders.com'];15
['foundersbrewing.com'];43
['www.darkhorsebrewery.com'];18
['www.bellsbeer.com'];42
['www.bnektar.com'];6
['craftbeertemple.com'];4
['newhollandbrew.com'];24
['www.atwaterbeer.com'];10
['www.vansteenberge.com'];13
['brewery.jollypumpkin.com'];27
['www.guysdrinkingbeer.com'];8
['arcadiaales.com'];2
['www.sheltonbrothers.com'];187
['www.regalwine.com'];1
['notanotherbeerreview.blogspot.com'];11
['saugatuckbrewing.com'];4
['ujhardcider.com'];4
['www.ujcidermill.com'];1
['learn.kegerator.com'];105
['www.beercos.com'];3
['vandermill.com'];2
['www.virtuecider.com'];12
['cidersays.com'];93
['accessmba.tk'];1
 It's Not That Far From Laos"];1
['www.northpeakbeer.com'];4
['www.mobcraftbeer.com'];6
['www.uplandbeer.com'];9
['www.shortsbrewing.com'];6
['starcutciders.com'];2
['www.perrinbrewing.com'];7
['www.mlive.com'];1
['www.upperhandbrewery.com'];9
['mgoblog.com'];1
['www.underbellyhouston.com'];1
['wearebrewstuds.com'];5
['laughingdogbrewing.com'];7
['www.grandtetonbrewing.com'];11
['grandtetonbrewing.com'];1
['www.fermentedlychallenged.com'];2
['sockeyebrew.com'];2
['www.payettebrewing.com'];3
['wallacebrewing.com'];1
['www.selkirkabbey.com'];1
['www.theliquorstorejacksonhole.com'];1
['kinkybeverages.com'];13
['www.bluemoonbrewingcompany.com'];44
['www.limearita.com'];13
['www.millerlite.com'];81
['www.myfitnesspal.com'];19
['drinks.seriouseats.com'];37
['www.naturallight.com'];21
['www.urbandictionary.com'];18
['www.mikeshard.com'];31
['caseywasthere.wordpress.com'];1
['pabstblueribbon.com'];16
['store.pabstblueribbon.com'];1
['www.smirnoff.com'];39
['www.amazon.com'];64
['specsonline.com'];9
['jrsbeer.com'];1
['www.superiorbeveragegroup.com'];1
['www.superiorliquor.com'];2
['www.epicbrewing.com'];33
['www.matesichbeer.com'];2
['www.beercocitybev.com'];2
['www.ssi-schaefer.com'];2
['www.schaefer-ranchwear.com'];2
['www.schaefermarine.com'];2
['www.origlio.com'];68
['oldmilwaukee.com'];10
['www.monasterygreetings.com'];2
['www.belgianstyleales.com'];12
['www.doubleeagledist.com'];4
['www.influenster.com'];161
['www.busch.com'];36
['www.newbelgium.com'];128
['www.instacart.com'];33
['www.landsharklager.com'];6
['www.thebeersnob.com'];6
['www.nattygreenes.com'];14
['grocery.harristeeter.com'];2
['www.ncbeerguys.com'];6
['thepulsemag.com'];1
['itzspritz.com'];1
['www.justusgalsbos.com'];1
['www.bevnet.com'];1
['drinkpalmbreeze.com'];4
['www.barnivore.com'];5
['www.heb.com'];70
['oct.co'];3
['www.northwestbeerguide.com'];8
['www.quora.com'];2
['uplandjournal.ipbhost.com'];2
['www.crowndistributing.com'];4
['www.bevindustry.com'];23
['www.olympiasports.net'];3
['whc.unesco.org'];5
['www.michelob.com'];38
['www.michelobultra.com'];71
['www.geneseebeer.com'];12
['sweetwaterbrew.com'];31
['www.pinterest.com'];15
['www.beer-universe.com'];5
['www.mojavered.com'];7
['www.millercoors.com'];24
['www.budweiser.com'];38
['www.foxnews.com'];33
['www.usnews.com'];1
['www.anheuser-busch.com'];44
['fullsailbrewing.com'];63
['www.notsoprofessionalbeer.com'];11
['pabstbrewingco.com'];25
['www.summitbrewing.com'];39
['nebraskabrewingco.com'];12
['www.mickyschinese.com'];1
['disneyworld.disney.go.com'];1
['disneyjunior.disney.com'];1
['www.livestrong.com'];9
['818brewing.com'];1
['www.8bitbrewingcompany.com'];1
['www.cnn.com'];1
['www.jackdaniels.com'];10
['www.thespruce.com'];11
['allrecipes.com'];2
['www.drinksmixer.com'];2
['www.budlight.com'];110
['twitter.com'];63
['www.abcfws.com'];3
['seaworldparks.com'];10
['buschgardens.com'];9
['www.buschvacuum.com'];4
['thenaturallight.com'];11
['nationalbohemian.com'];11
['www.liquormart.com'];6
['www.coorslight.com'];81
['www.liquors44.com'];8
['www.rjdistributing.net'];4
['www.bartlesandjaymes.com'];14
['www.millerhighlife.com'];13
['www.businessinsider.com'];14
['vinepair.com'];25
['www.icehousecafe.com'];8
['www.ashburnice.com'];8
['www.icehouse.com'];8
['www.thegardensicehouse.com'];8
['www.karlstrauss.com'];28
['www.prnewswire.com'];34
['zinnedproject.org'];1
['www.brown.edu'];1
['www.cbc.ca'];1
['www.tbnewswatch.com'];1
['www.strandbrewing.com'];2
['tahoebrewing.com'];1
['www.figmtnbrew.com'];5
['www.helmsbrewingco.com'];3
['www.hmbbrewingco.com'];1
['www.liquidbreadmag.com'];2
['m.hereticbrewing.com'];1
['thedudesbrew.com'];5
['www.bootleggersbrewery.com'];3
['justbeerapp.com'];3
['www.schubrosbrewery.com'];1
['beeralien.com'];5
['www.shopwinedirect.com'];1
['www.calicraft.com'];5
['www.westcoastersd.com'];2
['www.steelreservealloyseries.com'];5
['www.drinkgoldenstate.com'];5
['www.dagnybrewingco.com'];1
['firemansbrew.com'];4
['www.refugebrew.com'];1
['brewinreview.com'];3
['www.arrogantbrewing.com'];18
['everythingontap.com'];4
['www.carnerosbrewing.com'];1
['sacrag.com'];2
['www.smogcitybrewing.com'];3
['showcase.slamdance.com'];1
['screencraft.org'];1
['www.eater.com'];7
['www.tastings.com'];20
['ruhstallerbeer.com'];10
['www.evansbrewco.com'];4
['www.ocweekly.com'];1
['www.wholefoodsmarket.com'];8
['www.thewildcide.com'];2
['www.drinkhacker.com'];2
['www.averybrewing.com'];38
['www.davidsonsliquors.com'];7
['rodmans.com'];1
['www.foothillsbrewing.com'];21
['highlandbrewing.com'];23
['hiwirebrewing.com'];23
['www.d9brewing.com'];1
['birdsongbrewing.com'];11
['drinkgreatamerica.com'];7
['www.bevlaw.com'];5
['amb.beer'];4
['www.loneriderbeer.com'];5
['www.fullsteam.ag'];17
['www.motherearthbrewing.com'];11
['www.discoverlennyboy.com'];2
['nodabrewing.com'];6
['www.craftedpours.com'];3
['www.wickedweedbrewing.com'];2
['bigbossbrewing.com'];5
['catawbabrewing.com'];6
['newsarumbrewing.com'];1
['www.froglevelbrewing.com'];2
['www.charlottemagazine.com'];1
['blowingrockbrewing.com'];4
['www.raleighbrewing.com'];1
['www.greenmanbrewery.com'];8
['www.nantahalabrewing.com'];2
['www.bullcityciderworks.com'];1
['www.cellarmonk.com'];1
['sugarcreekbrewing.com'];11
['www.beerconnoisseur.com'];9
['buy.rogue.com'];30
['www.craftbeerplanit.com'];1
['www.visitnc.com'];1
['grimmales.com'];2
['wickedweedbrewing.com'];2
['www.oskarblues.com'];29
['www.bulldurhambeer.com'];1
['www.beercitizen.com'];1
['www.whitestreetbrewing.com'];1
['whiterabbitbrewery.com'];1
['www.epicgames.com'];1
['fortnightlingerie.com'];2
['www.lilycummings.com'];1
['deepriverbrewing.com'];1
['gizmobrewworks.com'];6
['lgql.untpd.it'];5
['www.trianglewineco.com'];1
['www.thebarleyblog.com'];9
['www.pigpounder.com'];1
['www.craftcarolina.com'];1
['www.fearrington.com'];1
['www.bruisin-ales.com'];15
['blog.foothillsbrewing.com'];3
['www.journalnow.com'];1
['www.justsavefoods.com'];1
['www.blueridgebeverage.com'];2
['www.dictionary.com'];14
['en.wiktionary.org'];30
['www.merriam-webster.com'];33
['siestaspirits.com'];1
['www.billsdist.com'];10
['knoxbeersnobs.com'];2
['beerspeculator.com'];1
['www.sycamorebrew.com'];1
['mashing-in.com'];11
['www.moonlightmeadery.com'];1
['theconcourse.deadspin.com'];26
['www.gooseisland.com'];17
['localoptionbier.com'];1
['berghoffbeer.com'];1
['www.usatoday.com'];30
['www.pinterest.com.au'];4
['www.pinterest.co.uk'];1
['revbrew.com'];8
['www.directionsforme.org'];2
['www.freshdirect.com'];4
['www.blakeshardcider.com'];11
['www.chicagoreader.com'];1
['twobrothersbrewing.com'];6
['rainierbeer.com'];10
['www.chicagotribune.com'];8
['www.summerbeerreview.com'];4
['firstwefeast.com'];9
['missionbrewery.com'];13
['redbranchcider.com'];2
['www.legendslimited.com'];1
['moylans.com'];1
['www.devilscanyon.com'];3
['thebeerdiaries.tv'];15
['barleyforge.com'];9
['www.brewdog.com'];17
['www.beercamp.sierranevada.com'];1
['www.sierranevada.com'];4
['earthobservatory.nasa.gov'];1
['hermitagebrewing.com'];6
['www.wired.com'];4
['www.roughdraftbrew.com'];3
['www.specialtybevva.com'];5
['www.napasmithbrewery.com'];7
['www.owliquors.com'];5
['foursonsbrewing.com'];3
['www.brewedforthought.com'];1
['devicebrewing.com'];1
['www.madriverbrewing.com'];12
['uproxx.com'];1
['www.805beer.com'];14
['www.morebeer.com'];3
['www.craftbeerguildsd.com'];1
['pizzaport.com'];3
['www.phoenixnewtimes.com'];4
['leftcoastbrewing.com'];3
['foursquare.com'];1
['en.parkopedia.com'];1
['www.mapquest.com'];1
['www.insidethemagic.net'];1
['kernriverbrewing.com'];7
['www.scvbrewing.com'];2
['hardcideroverice.com'];2
['www.backstreetbrew.com'];2
['www.beerawareness.com'];4
['www.claremontcraftales.com'];2
['www.drjekylls.com'];11
['omissionbeer.com'];9
['www.noblecider.com'];1
['vimeo.com'];2
['beachwoodbbq.com'];3
['running-tap-dev.myshopify.com'];1
['beachwoodblendery.wordpress.com'];1
['www.aleindustries.com'];2
['www.transasianaxis.com'];1
['libertinebrewing.com'];1
['www.craftbeerjoe.com'];1
['www.acousticales.com'];1
['archives.sfweekly.com'];1
['www.mspecialbrewco.com'];1
['www.chicagonow.com'];3
['www.moodytongue.com'];2
['www.b-21.com'];1
['www.handfamilycompanies.com'];8
['www.offcolorbrewing.com'];6
['tricountybeverage.com'];1
['brewdrinkrun.com'];3
['metrobrewing.com'];1
['acronyms.thefreedictionary.com'];2
['www.acronymfinder.com'];3
['www.abbreviations.com'];1
['www.atlantabev.com'];1
['www.halfacrebeer.com'];5
['www.betterondraft.com'];1
['www.5rabbitbrewery.com'];2
['www.glunzbeers.com'];13
['solemnoathbrewery.com'];2
['www.3floyds.com'];13
['alongcameacider.blogspot.com'];15
['thewilky.com'];1
['burntmyfingers.com'];1
['www.ciderscene.com'];6
['www.eventbrite.com'];1
['www.postcrescent.com'];1
['www.georgekillians.com'];4
['www.upslopebrewing.com'];14
['crazymountainbrewery.com'];10
['www.bear-flavored.com'];1
['lefthandbrewing.com'];44
['lefthandnitro.com'];1
['greatdivide.com'];41
['www.odellbrewing.com'];31
['twistedpinebrewing.com'];2
['www.westword.com'];8
['www.patsbcb.com'];4
['www.liquorama.net'];1
['www.breckbrew.com'];36
['sourbeerblog.com'];4
['our-brewers-dozen-variety-12-pack-gets-a-new-look&sa=U&ved=0ahUKEwjDhZDi2e_YAhUBT98KHYqyBocQFggUMAA&usg=AOvVaw2u-2dCKP-5lVRsh0-uPwE2'];1
['funkwerks.com'];12
['boulderbeer.com'];16
['www.premiergourmet.com'];2
['skabrewing.com'];17
['www.parrotbay.com'];4
['www.walgreens.com'];23
['www.caymanjack.com'];1
['amoskeagbeverages.com'];4
['mauibrewingco.com'];7
['www.kegworks.com'];10
['www.washingtonpost.com'];14
['www.mgd.com'];16
['www.hy-vee.com'];4
['www.fatsecret.com'];2
['www.mikesharder.com'];4
['www.drugstorenews.com'];1
['intoxicologist.net'];1
['www.henryshardsoda.com'];8
['www.change.org'];1
['www.twinpeaksliquor.com'];2
['whiteclaw.com'];4
['www.boulevard.com'];65
['www.select55.com'];7
['www.shape.com'];7
['www.theimpulsivebuy.com'];1
['beveragedynamics.com'];4
['www.jappleseed.com'];2
['www.baltimoresun.com'];6
['www.brandpackaging.com'];1
['www.newyorker.com'];1
['www.beerhouseky.com'];3
['www.nutritionix.com'];1
['www.nautiseltzer.com'];8
['kkcb.com'];2
['www.croctails.net'];1
['www.miller64.com'];18
['dailyburn.com'];19
['schlitzbrewing.com'];3
['www.lovelandinc.com'];2
['thecidercrate.com'];1
['bellbeverage.com'];2
['throughthedrinkingglass.wordpress.com'];1
['fewdsnobs.com'];1
['longtrail.com'];28
['stroh-160-rum'];1
['www.forbes.com'];5
['adage.com'];7
['widmerbrothers.com'];32
['www.brubox.co'];1
['craftbeerclub.com'];3
['www.victorybeer.com'];56
['www.fooducate.com'];1
['www.houstonpress.com'];2
['www.henryshardsparkling.com'];1
['www.greatlakesbrewing.com'];21
['www.hannaford.com'];4
['www.trinitybrandgroup.com'];3
['www.cnbc.com'];6
['www.thatcherscider.co.uk'];3
['www.spiremountaincider.com'];20
['monarch-beverage.com'];1
['strohbeer.com'];1
['www.williamsdistributing.com'];5
['fourloko.com'];1
['www.thedrunkpirate.com'];1
['www.sprecherbrewery.com'];6
['www.pikebrewing.com'];26
['www.marinbrewing.com'];11
['www.farmtrails.org'];1
['cidercraftmag.com'];8
['www.beergium.com'];2
['coneyislandbeer.com'];20
['shop.mikkeller.dk'];9
['shop.mikkellersd.com'];4
['www.thebrobasket.com'];2
['brewpublic.com'];9
['www.craftbeerguildny.com'];1
['www.32northbrew.com'];1
['drinkgfb.com'];2
['www.buttecreek.com'];4
['www.bravus.com'];1
['bravus-brewing-company.myshopify.com'];1
['ironfistbrewing.com'];7
['www.beancurdturtle.com'];2
['www.artisanwinedepot.com'];6
['www.cascadebrewing.com'];4
['www.gowansheirloomcider.com'];2
['www.gowanorchards.com'];3
['www.saveur-biere.com'];12
['www.scribd.com'];1
['thehopconcept.com'];2
['thebeernecessities.com'];1
['www.viceland.com'];1
['enegrenbrewing.com'];1
['ironspringspub.com'];2
['macsbrew.com'];1
['idioms.thefreedictionary.com'];1
['dictionary.cambridge.org'];1
['www.collinsdictionary.com'];2
['craftmalting.com'];1
['blog.untappd.com'];3
['renegadebrewing.com'];3
['www.5280.com'];2
['sommbeer.com'];3
['paradoxbeercompany.com'];2
['trvebrewing.com'];1
['villagebeerandfinewine.com'];3
['hazed-hoppy-session-ale-gets-a-makeover&sa=U&ved=0ahUKEwjWzJKL2u_YAhXBTN8KHT6_BWcQFgghMAI&usg=AOvVaw1L_r0G2FPxxhHIkjKzGxSY'];1
['hazed-hoppy-session-ale-gets-a-makeover&sa=U&ved=0ahUKEwjWqqKa2u_YAhXxSd8KHQh8DscQFgghMAI&usg=AOvVaw38QnZ8jRWZqt2-gQyD6c7B'];1
['milehighwineandspirits.com'];1
['hazed-hoppy-session-ale-gets-a-makeover&sa=U&ved=0ahUKEwjO6bOn2u_YAhXFhOAKHZFODOUQFgghMAI&usg=AOvVaw2YahADsTsvaT7JkXSHMPFI'];1
['www.nfl.com'];2
['sudwerkbrew.com'];2
['www.eaglerockbrewery.com'];1
['www.beerguyla.com'];2
['www.bluefrogbrewingcompany.com'];1
['welikedrinking.com'];3
['www.goodbeer.com'];10
['grepcode.com'];1
['www.trumer-international.com'];5
['www.caymancompass.com'];1
['www.irishnews.com'];1
['cnsbusiness.com'];1
['www.bierbuzz.com'];1
['animebeers.com'];1
['www.brownpapertickets.com'];1
['surfbrewery.com'];1
['www.bayareabev.com'];1
['ithacabeer.com'];8
['961theeagle.com'];3
['www.startrek.com'];1
['www.origsin.com'];9
['www.bostonmagazine.com'];6
['www.barreltrolley.com'];2
['kelsobeer.com'];1
['www.luekensliquors.com'];8
['www.huffingtonpost.com'];21
['www.nydailynews.com'];1
['laughingsquid.com'];1
['www.butternutsbeerandale.com'];2
['newburghbrewing.com'];2
['www.gq.com'];1
['blogaldente.com'];1
['www.kroger.com'];1
['www.chadzbeerreviews.com'];2
['market.wvwinery.com'];4
['imbibemagazine.com'];5
['www.brewlounge.com'];1
['www.metrowinedc.com'];1
['wvwinery.com'];3
['wolffercider.com'];2
['www.greatstatebev.com'];3
['dailyorange.com'];1
['craftbeercellar.com'];2
['www.hawksheadbrewery.co.uk'];1
['nextpint.com'];1
['www.calderabrewing.com'];9
['www.marinamarket.com'];9
['housebeer.us'];6
['www.mensjournal.com'];6
['www.trinitybrew.com'];1
['www.coors.com'];16
['www.thrillist.com'];17
['www.spikedseltzer.com'];45
['www.merchantduvin.com'];76
['www.samuelsmithsbrewery.co.uk'];30
['www.nj.com'];2
['www.sixpointbeverages.com'];1
['www.giganticbrewing.com'];7
['www.friartuckonline.com'];4
['www.ispot.tv'];1
['www.today.com'];1
['www.special-export.com'];3
['oldstylebeer.com'];4
['www.legendbrewing.com'];5
['www.yuengling.com'];39
['www.thebeerstore.ca'];15
['www.calvados-dupont.com'];5
['www.bunitedint.com'];35
['www.foodbeast.com'];1
['1000corks.com'];3
['www.lovethycider.com'];3
['ciderconnoisseur.com'];11
['365brew.com'];1
['sf.hopsy.beer'];2
['shop.liquormartwhittier.com'];1
['insidethecellar.com'];2
['www.brokenskullranch.com'];1
['meritagemed.com'];2
['www.northbaybusinessjournal.com'];1
['www.northernbrewer.com'];2
['www.owlsbrewradler.com'];4
['www.theowlsbrew.com'];5
['spiritedmatters.com'];1
['brownsbrewing.com'];1
['www.newyorkupstate.com'];1
['www.cidercreekhardcider.com'];1
['oakbeveragesinc.com'];2
['www.magichat.net'];60
['singlecut.com'];2
['www.worldmarket.com'];14
['1911established.com'];4
['www.oldesaratogabrew.com'];2
['www.omnipollo.com'];7
['costco97.com'];1
['www.smithoptics.com'];20
['wiseacrebrew.com'];1
['www.winemag.com'];4
['www.tnbrew.com'];2
['millcreekbrewingco.com'];2
['www.blackberryfarm.com'];1
['bravazzi.com'];1
['www.business2community.com'];1
['ediblenashville.ediblecommunities.com'];1
['mixthatdrink.com'];1
['www.biercellar.com'];1
['cocktailwhisperer.com'];1
['yazoobrew.com'];1
['www.redoakbrewery.com'];2
['www.oldemeckbrew.com'];4
['aviatorbrew.com'];2
['www.frenchbroadbrewery.com'];1
['aleheads.com'];3
['www.woodchuck.com'];45
['www.thistlycrosscider.co.uk'];5
['travelerbeer.com'];18
['www.citizencider.com'];15
['ottercreekbrewing.com'];6
['burlingtonbeer.blogspot.com'];1
['www.empirewine.com'];1
['www.cleveland.com'];1
['www.brewminds.com'];1
['getfreshdesigns.blogspot.com'];1
['www.vontrappbrewing.com'];4
['theshedbrewery.com'];2
['thebrewthusiast.com'];1
['ifmycoastercouldtalk.bangordailynews.com'];1
['www.app.com'];1
['www.homebrewtalk.com'];8
['www.prweb.com'];1
['gumptioncider.com'];2
['concretebeachbrewery.com'];6
['www.edenciders.com'];5
['windfallorchardvt.com'];1
['www.shacksbury.com'];8
['switchbackvt.com'];2
['www.interrobangdesign.com'];1
['www.zerogravitybeer.com'];1
['www.troutriverbrewing.com'];3
['www.champlainorchards.com'];4
['www.champlainorchardscidery.com'];1
['thomascreekbeer.com'];8
['holycitybrewing.com'];4
['bfsbeer.com'];1
['www.rjrockers.com'];6
['www.benfordbrewing.com'];1
['riverdogbrewing.com'];1
['www.riverdogbrewing.com'];1
['conquestbrewing.com'];1
['archiveofourown.org'];1
['westbrookbrewing.com'];5
['www.palmettobrewery.com'];6
['www.gilshulergraphicdesign.com'];1
['www.islandcoastallager.com'];1
['www.holycitysinner.com'];1
['www.coastbrewing.com'];2
['www.cascadebrewingbarrelhouse.com'];4
['16milebrewery.com'];6
['www.dogfish.com'];45
['www.fordhamanddominion.com'];11
['www.alesbymail.co.uk'];5
['dogfishalehouse.com'];2
['www.mispillionriverbrewing.com'];3
['www.greatbeernow.com'];1
['www.flyingfish.com'];24
['www.heathwick.com'];1
['www.weyerbacher.com'];15
['troegs.com'];43
['www.lancasterbrewing.com'];3
['alanhanson.bandcamp.com'];1
['philadelphiabrewing.com'];1
['evilgeniusbeer.com'];5
['www.yardsbrewing.com'];9
['neshaminycreekbrewing.com'];2
['www.lostinthebeeraisle.com'];2
['stoudts.com'];4
['www.jackshardcider.com'];19
['yardsbrewing.com'];11
['lionbrewery.com'];3
['www.post-gazette.com'];1
['slyfoxbeer.com'];9
['www.pennlive.com'];3
['ruckusbrewing.com'];1
['www.eriebrewingco.com'];1
['www.slyfoxbeer.com'];1
['www.myrivertowne.com'];1
['www.2spbrewing.com'];3
['www.silverspringbeverage.com'];1
['narberthbeverage.com'];1
['lancasterbrewing.com'];1
['www.greatamericanbreweryruns.com'];1
['www.manayunkbrewery.com'];1
['marvel.wikia.com'];1
['civilization.wikia.com'];1
['wyndridge.com'];2
['forum.northernbrewer.com'];1
['sauconybeer.com'];1
['urbantreecidery.com'];10
['www.creaturecomfortsbeer.com'];3
['www.treehorncider.com'];5
['www.threetavernsbrewery.com'];13
['www.secondselfbeer.com'];7
['www.reddsapple.com'];31
['servicebrewing.com'];3
['www.redharebrewing.com'];16
['mondaynightbrewing.com'];4
['atlantarestaurants.blog.ajc.com'];1
['www.redbrickbrewing.com'];16
['www.discogs.com'];2
['scofflawbeer.com'];1
['southboundbrewingco.com'];9
['wildheavenbeer.com'];4
['www.reddswickedapple.com'];25
['www.sweetwater.com'];1
['shop.sweetwaterbrew.com'];1
['www.calvertwoodley.com'];2
['jekyllbrewing.com'];11
['www.instagram.com'];1
['terrapinbeer.com'];23
['eventidebrewing.com'];4
['udiga.com'];1
['reformationbrewery.com'];5
['beerguysradio.com'];3
['www.belfastbaybrewing.com'];2
['www.allagash.com'];19
['shipyard.com'];32
['www.seadogbrewing.com'];9
['www.peakbrewing.com'];14
['www.mainebeercompany.com'];2
['boabeerblog.com'];4
['www.shipyardbeer.co.uk'];1
['www.calvertbrewingcompany.com'];3
['www.dcbeer.com'];2
['www.baxterbrewing.com'];7
['www.bakerdistributing.com'];1
['www.atlanticbrewing.com'];1
['abita.com'];49
['www.nolabrewing.com'];1
['nolabrewing.com'];2
['www.noredink.com'];16
['www.nytimes.com'];18
['dixiebeer.com'];1
['bayoutechebrewing.com'];5
['www.greatraftbrewing.com'];2
['www.tinroofbeer.com'];1
['craftbeeracademy.com'];1
['www.hsbeer.com'];51
['duclaw.com'];28
['flyingdogbrewery.com'];58
['www.unioncraftbrewing.com'];9
['www.baltimoremagazine.com'];1
['chefbolek.blogspot.com'];1
['www.riverhorse.com'];1
['www.crickethillbrewery.com'];3
['beachhausbeer.com'];4
['www.spellboundbrewing.com'];2
['www.forgottenboardwalk.com'];1
['starrhill.com'];54
['cotubrewing.com'];4
['oconnorbrewing.com'];36
['www.castlehillcider.com'];1
['www.portcitybrewing.com'];18
['www.wildwolfbeer.com'];1
['hardywood.com'];13
['foggyridgecider.com'];4
['store.foggyridgecider.com'];2
['www.thelostbeers.com'];1
['www.bluemountainbrewery.com'];8
['www.alewerks.com'];14
['www.brotherscraftbrewing.com'];1
['www.lostrhino.com'];5
['smartmouthbrewing.com'];7
['southstreetbrewery.com'];1
['dbbrewingcompany.com'];23
['www.stgbeer.com'];1
['www.vabrewreview.com'];2
['www.albemarleciderworks.com'];7
['pilotonline.com'];2
['strangewaysbrewing.com'];2
['www.oldbusthead.com'];2
['variety.com'];8
['championbrewingcompany.com'];5
['www.oldoxbrewery.com'];4
['www.boldmariner.com'];3
['boldrock.com'];48
['www.lexbeerscene.com'];1
['badwolfbrewingcompany.com'];7
['www.adroit-theory.com'];6
['heritagebrewing.com'];1
['smuttynose.com'];36
['www.fairwindsbrewing.com'];4
['threenotchdbrewing.com'];1
['runsignup.com'];2
['www.reasonbeer.com'];1
['www.bluetoadhardcider.com'];2
['chaosmountainbrewing.com'];1
['www.grandcanyonbrewery.com'];6
['www.sonoranbrewing.com'];2
['santanbrewing.com'];14
['www.fourpeaks.com'];19
['www.lumberyardbrewingcompany.com'];2
['www.sphinxdateranch.com'];3
['www.kentuckyale.com'];19
['goodwood.beer'];6
['louisvillebeer.com'];1
['www.atgbrewery.com'];15
['www.westsixth.com'];6
['jamesepepper.com'];2
['www.braxtonbrewing.com'];6
['thirstydog.com'];7
['www.ohio.com'];2
['fatheadscleveland.com'];1
['www.hoppinfrog.com'];2
['drinkingcider.com'];1
['www.rhinegeist.com'];8
['fatheadsbeer.com'];1
['www.homebrewersassociation.org'];7
['www.moerleinlagerhouse.com'];2
['www.thegnarlygnome.com'];1
['jackieos.com'];2
['denalibrewing.com'];1
['alaskanbeer.com'];36
['www.piloteers.org'];1
['books.google.com'];4
['newspapers.digitalnc.org'];1
['anchoragebrewing.company'];1
['www.tannersfish.com'];1
['www.greatbasinbrewingco.com'];1
['atomic.vegas'];1
['www.tenayacreek.com'];6
['hookedonhops.com'];1
['www.jjbrewing.com'];3
['www.badbeatbrewing.com'];3
['www.tripadvisor.com'];9
['greatbasinbrewingco.com'];4
['www.brasseriesaintjames.com'];1
['www.recordstreetbrewing.com'];1
['www.crafthausbrewery.com'];2
['x1075lasvegas.radio.com'];1
['m.untappd.com'];3
['www.rubymountainbrewing.com'];2
['www.bigdogsbrews.com'];2
['www.shocktopbeer.com'];16
['www.lazymagnolia.com'];8
['www.rollingrock.com'];14
['www.taplister.com'];8
['www.independent.co.uk'];1
['www.aquarterof.co.uk'];1
['www.evilgeniuses.gg'];1
['store.steampowered.com'];1
['www.fishtaleales.com'];10
['www.balebreaker.com'];5
['www.pyramidbrew.com'];17
['halesbrewery.com'];13
['www.washingtonbeerblog.com'];6
['www.reubensbrews.com'];7
['redhook.com'];26
['www.silvercity.beer'];15
['wawineco.com'];7
['beermetaldude.com'];1
['kulshanbrewery.com'];3
['www.schoonerexact.com'];10
['fallsbrew.com'];11
['www.flatbedcider.com'];2
['www.multivu.com'];1
['www.montanacider.com'];1
['hardciderreviews.com'];2
['taplister.com'];2
['www.ironhorsebrewery.com'];28
['www.finnriver.com'];21
['www.leavenworthbiers.com'];8
['10barrel.com'];22
['www.thacrax.com'];1
['blackravenbrewing.com'];1
['wanderbrewing.com'];4
['dicksbeer.com'];9
['www.fremontbrewing.com'];30
['www.diamondknot.com'];19
['arstechnica.com'];1
['www.allaboutcider.com'];1
['www.seattlecidercompany.com'];13
['georgetownbeer.com'];6
['komonews.com'];2
['tietonciderworks.com'];5
['www.twobeersbrewery.com'];4
['cidersage.com'];4
['www.snowdriftcider.com'];4
['chilledmagazine.com'];8
['www.irongoatbrewing.com'];3
['www.crookedcan.com'];4
['holymackerelbeers.com'];3
['saltwaterbrewery.com'];4
['www.mowbeer.com'];5
['floridabeerblog.wordpress.com'];6
['www.fatpoint.com'];3
['coppertailbrewing.com'];7
['finance.yahoo.com'];9
['stocktwits.com'];4
['www.nasdaq.com'];4
['orangeblossombrewing.com'];6
['cigarcitybrewing.com'];29
['central28beer.com'];4
['www.islamoradabeerco.com'];2
['rockbrothersbrewing.com'];3
['shop.nordstrom.com'];2
['www.zappos.com'];1
['www.macys.com'];2
['www.browardpalmbeach.com'];1
['crookedthumbbrew.com'];1
['wynwoodbrewing.com'];2
['www.axs.com'];1
['greenbenchbrewing.com'];3
['3dbrewing.com'];7
['www.biscaynebaybrewing.com'];2
['tomokabrewingco.com'];3
['www.mia.beer'];9
['www.surfline.com'];1
['www.bigstormbrewery.com'];8
['www.teamcone.net'];2
['latitude33brewing.com'];2
['www.tampabay.com'];1
['www.duesouthbrewing.com'];11
['www.chowhound.com'];2
['beerblackbook.com'];1
['barrelofmonks.com'];2
['fmbrewing.com'];3
['cheersonline.com'];6
['ilovebeer37.blogspot.com'];1
['www.xorbia.com'];1
['home.redbrickhealth.com'];1
['www.beldenbrick.com'];1
['www.montgomerycountymd.gov'];2
['pl.scribd.com'];1
['jeffersonal.issuu.com'];1
['www.archive.org'];1
['www.thejuiceboxatl.com'];1
['www.red.com'];1
['www.beerinfo.com'];3
['www.creativeloafing.com'];1
['www.drinkcider.com'];1
['mentalfloss.com'];1
['www.ninkasibrewing.com'];57
['2townsciderhouse.com'];27
['cascadelakes.com'];3
['www.buoybeer.com'];1
['www.deschutesbrewery.com'];48
['bridgeportbrew.com'];5
['www.laurelwoodbrewpub.com'];4
['bottle-battle.blogspot.com'];2
['www.rogue.com'];26
['www.oakbrew.com'];6
['www.hopvalleybrewing.com'];10
['www.maltandvine.com'];1
['www.worthybrewing.com'];3
['www.picobrew.com'];2
['www.uprightpose.com'];4
['www.thesaurus.com'];5
['www.anthemcider.com'];8
['itunes.apple.com'];4
['www.wanderingaengus.com'];4
['reverendnatshardcider.com'];9
['www.breakside.com'];3
['www.farmhousebeer.com'];8
['pelicanbrewing.com'];6
['www.cruxfermentation.com'];7
['roguefarms.com'];1
['eclipticbrewing.com'];4
['nsp.ninkasibrewing.com'];2
['www.cascadiacider.com'];2
['www.silvermoonbrewing.com'];3
['www.portlandbeer.org'];2
['sipnorthwest.com'];2
['www.atlascider.com'];1
['www.doublemountainbrewery.com'];6
['blog.rogue.com'];2
['www.burnsidebrewco.com'];1
['www.wweek.com'];4
['www.ordnancebrewing.com'];2
['fearless.beer'];2
['www.fearless.beer'];2
['blacklistbeer.com'];7
['www.thirdstreetbrewhouse.com'];4
['www.lakesuperiorbrewing.com'];1
['finnegans.org'];8
['www.indeedbrewing.com'];9
['simulators.redbirdflight.com'];1
['www.insightbrewing.com'];4
['www.fultonbeer.com'];14
['www.badweatherbrewery.com'];2
['schellsbrewery.com'];24
['beergraphs.com'];3
['growlermag.com'];24
['excelsiorbrew.com'];2
['www.foundingfathersbrewingco.com'];3
['www.lakemonsterbrewing.com'];8
['sociablecider.com'];2
['fairstate.coop'];1
['www.secretsofthecity.com'];1
['www.bentpaddlebrewing.com'];2
['thebitternib.blogspot.com'];3
['kentuckypress.wordpress.com'];1
['612sixtwelve.com'];1
['liftbridgebrewery.com'];13
['shop.southlyndale.com'];1
['www.lionheartcider.com'];1
['surlybrewing.com'];17
['www.kickstarter.com'];1
['www.narragansettbeer.com'];18
['greysailbrewing.com'];1
['www.thebeveragejournal.com'];1
['www.foolproofbrewing.com'];2
['www.cottrellbrewing.com'];2
['www.charteroakbrewing.com'];6
['oldeburnsidebrewing.com'];2
['halffullbrewery.com'];2
['www.backeastbrewing.com'];1
['kentfallsbrewing.com'];1
['www.outerlightbrewing.com'];3
['www.ctmq.org'];1
['blackhogbrewing.com'];1
['stonycreekbeer.com'];10
['konabrewingco.com'];14
['beerinhawaii.com'];1
['beerfinder.konabrewingco.com'];4
['progressivegrocer.com'];1
['borderlandsbrewing.com'];1
['mudsharkbeer.com'];1
['www.santanoktoberfest.com'];5
['www.dragoonbrewing.com'];2
['www.hussbrewing.com'];3
['pioneer-review.com'];1
['www.collegestreetbrewhouseandpub.com'];1
['wildtonic.com'];10
['sunup.beer'];2
['mouthbysouthwest.com'];1
['www.scottishrealales.com'];1
['www.nimbusbeer.com'];1
['www.onetreehardcider.com'];9
['www.fishbrewing.com'];2
['www.uleescider.com'];2
['genius.com'];1
['www.20cornersbrewing.com'];1
['soundbrewery.com'];2
['www.ohbeautifulbeer.com'];5
['blog.kexp.org'];1
['www.heraldnet.com'];1
['everybodysbrewing.com'];2
['www.oldschoolhousebrewery.com'];1
['legacy.elysianbrewing.com'];2
['www.kisw.com'];1
['www.orlisonbrewing.com'];1
['washingtongoldcider.com'];3
['www.alpenfirecider.com'];2
['ithinkaboutbeer.com'];27
['rivercityred.blogspot.com'];1
['www.lonestarsteakhouse.com'];6
['www.imdb.com'];17
['www.lonestarnow.com'];6
['www.shiner.com'];47
['karbachbrewing.com'];20
['houstonbeerguide.com'];1
['adelbertsbeer.com'];11
['www.ziegenbock.com'];11
['www.lonestarfunds.com'];1
['strangelandbrewery.com'];5
['www.rabbitholebrewing.com'];5
['www.dallasobserver.com'];3
['www.deepellumbrewing.com'];17
['martinhousebrewing.com'];17
['www.communitybeer.com'];12
['www.saintarnold.com'];25
['blueowlbrewing.com'];6
['revolverbrewing.com'];8
['www.theinfinitemonkeytheorem.com'];2
['austinbeerworks.com'];6
['www.pedernalesbrewing.com'];4
['uncrate.com'];1
['lakewoodbrewing.com'];18
['rahrbrewing.com'];12
['4thtap.coop'];5
['realalebrewing.com'];21
['southernstarbrewing.com'];5
['www.thestreet.com'];1
['independencebrewing.com'];16
['shop.paqui.com'];1
['beerchronicle.com'];4
['ychhops.com'];7
['hopsdirect.com'];5
['spirits.blog.austin360.com'];1
['lonestarbeer.com'];5
['nbbrewing.com'];4
['texasaleproject.com'];3
['3nationsbrewing.com'];5
['www.ipswichalebrewery.com'];13
['www.clownshoesbeer.com'];20
['www.angryorchard.com'];65
['spencerbrewery.com'];8
['www.samueladams.com'];76
['downeastcider.com'];4
['www.yankeespirits.com'];1
['www.badmarthabeer.com'];5
['www.harpoonbrewery.com'];78
['www.twistedtea.com'];67
['www.businesswire.com'];1
['ciscobrewers.com'];10
['www.ufobeer.com'];20
['www.capeannbrewing.com'];3
['www.millhousewineandspirits.com'];1
['www.slumbrew.com'];2
['jacksabby.com'];25
['drinkcraftbeer.com'];3
['www.berkshire-brewing.com'];7
['greenriverambrosia.com'];1
['gingerlibation.com'];2
['csnews.com'];9
['www.curtisliquors.com'];1
['www.trulyspikedsparkling.com'];6
['castleislandbeer.com'];1
['www.mayflowerbrewing.com'];6
['hoppyboston.com'];1
['www.ciscobrewers.com'];2
['nbptbrewing.com'];2
['wormtownbrewery.com'];7
['bantamcider.com'];4
['www.hemmings.com'];1
['oldcarandtruckpictures.com'];1
['www.bentwaterbrewing.com'];13
['beerrantsandbooks.wordpress.com'];1
['myemail.constantcontact.com'];2
['www.alcoholprofessor.com'];3
['www.prettythingsbeertoday.com'];1
['www.ciderculture.com'];3
['www.bostonglobe.com'];1
['beerfinder.widmerbrothers.com'];1
['www.portlandcider.com'];12
['www.thebrewsite.com'];2
['fortgeorgebrewery.com'];3
['woodboxcider.com'];4
['www.cellartracker.com'];1
['www.groundbreakerbrewing.com'];7
['permannscider.com'];2
['www.goodlifebrewing.com'];4
['www.threecreeksbrewing.com'];3
['rozis.com'];1
['westcoastbeergeek.com'];1
['www.gilgameshbrewing.com'];4
['www.craftbeerguildct.com'];2
['squaremilecider.com'];9
['www.bringonthebeer.com'];3
['www.xojane.com'];1
['thepourfool.com'];2
['www.oregonlive.com'];1
['www.newspapers.com'];2
['hopworksbeer.com'];15
['swiftcider.com'];1
['www.ciderexpert.com'];3
['www.patagoniaprovisions.com'];1
['www.appleoutlaw.com'];6
['www.occidentalbrewing.com'];1
['www.lompocbrewing.com'];1
['www.exnovobrew.com'];3
['365daysobeer.blogspot.com'];1
['www.pfriembeer.com'];12
['thedrinknation.com'];1
['vertigobrew.com'];1
['www.haralambos.com'];1
['store.pfriembeer.com'];3
['www.sunriverbrewingcompany.com'];3
['oregoncraftbeer.org'];2
['bigskybrew.com'];13
['www.dogtagbrewing.org'];4
['www.bayernbrewery.com'];2
['kniferiver.com'];1
['hmswarehouse.com'];1
['boomislandbrewing.com'];6
['ballantinebeer.com'];3
['bigwoodbrewery.com'];2
['www.washingtonwomenoutdoors.org'];1
['www.aperfectpint.net'];5
['twbrewing.com'];5
['www.bentbrewstillery.com'];4
['www.bestglutenfreebeers.com'];13
['www.number12ciderhouse.com'];1
['shop.surdyks.com'];1
['www.castledangerbrewery.com'];3
['www.93x.com'];1
['grainbelt.com'];28
['lucidmotors.com'];3
['www.greencarreports.com'];1
['theperfectlyhappyman.com'];3
['enkibrewing.com'];2
['allthesamebeer.com'];1
['braubeer.com'];4
['www.voyageurbrewing.com'];2
['lakemaidbeer.com'];3
['www.drinkbadlarry.com'];1
['dailycoffeenews.com'];1
['www.aol.com'];1
['doingbeerjustice.blogspot.com'];3
['bentpaddlebrewing.com'];1
['asianwiki.com'];1
['www.dailymotion.com'];1
['www.rottentomatoes.com'];1
['www.grainbelt.com'];18
['mnbeeractivists.com'];1
['www.waconiabrewing.com'];1
['bauhausbrewlabs.com'];6
['www.twincities.com'];2
['www.schellsbrewery.com'];1
['www.wyndfallcyder.com'];1
['56brewing.com'];2
['mankatobrewery.com'];2
['www.take16beer.com'];2
['www.citypages.com'];1
['utepilsbrewing.com'];4
['www.blackravenbrewing.com'];1
['www.sixknotcider.com'];2
['blackfincider.com'];1
['www.nwbrewingcompany.com'];1
['www.dswickedcider.com'];6
['www.cherrywine.com'];1
['www.qfc.com'];1
['www.dickssportinggoods.com'];3
['www.dragonsheadcider.com'];6
['scuttlebuttbrewing.com'];2
['www.premiumnorthwest.com'];1
['heathenbrewing.com'];1
['odinbrewing.wordpress.com'];1
['www.7seasbrewing.com'];2
['sumerianbrewingco.com'];4
['www.macandjacks.com'];2
['www.thebeercritic.com'];3
['wingmanbrewers.com'];2
['www.press.uchicago.edu'];1
['ramblingroute.com'];2
['www.silvercitybrewery.com'];8
['www.rainierarms.com'];1
['www.peddlerbrewing.com'];1
['www.hopshack.com'];1
['www.greatnorthernbrewing.com'];2
['www.burdickbrewery.com'];3
['craftbeermonger.com'];2
['blog.gourmetrootbeer.com'];1
['www.inclinecider.com'];2
['cidersoms.com'];2
['www.everybodysbrewing.com'];1
['www.99bottles.net'];1
['seattlebeernews.com'];2
['www.eyestylist.com'];2
['badgrannycider.com'];1
['www.ravenbeer.com'];6
['www.stillwater-artisanal.com'];19
['manorhillbrewing.com'];4
['jailbreakbrewing.com'];3
['hsbeer.com'];3
['www.evolutioncraftbrewing.com'];13
['thedogsofbeer.wordpress.com'];1
['stillwaterales.blogspot.com'];3
['www.masterofmalt.com'];1
['articles.baltimoresun.com'];1
['www.millstonecellars.com'];3
['www.thebrewersart.com'];1
['wineandcheeseplace.com'];1
['oliverbrewingco.com'];4
['bonddist.com'];3
['monocacybrewing.com'];3
['rarbrewing.com'];1
['marketing.duclaw.com'];1
['www.monumentcitybrewing.com'];2
['www.citypaper.com'];1
['www.ebay.com'];5
['redshedman.com'];2
['denizensbrewingco.com'];1
['www.beeroftheday.com'];1
['www.wachusettbrewingcompany.com'];3
['riverwalkbrewing.com'];2
['www.cambridgebrewingcompany.com'];5
['www.reddit.com'];2
['blackpointestate.wisconsinhistory.org'];1
['www.cruiselakegeneva.com'];1
['newglarusbrewing.com'];11
['genevalakebrewingcompany.com'];1
['pearlstreetbrewery.com'];8
['isthmus.com'];18
['www.onebarrelbrewing.com'];4
['aleasylum.com'];14
['brennerbrewing.com'];3
['capitalbrewery.com'];14
['www.karben4.com'];6
['www.nextdoorbrewing.com'];5
['www.lakelouie.com'];6
['www.altbrew.com'];1
['islandorchardcider.com'];3
['www.titletownbrewing.com'];2
['kulbrewing.com'];1
['pecatonicabeer.com'];2
['host.madison.com'];6
['www.leinie.com'];72
['www.ciderboys.com'];9
['www.potosibrewery.com'];8
['www.wisconsinbrewingcompany.com'];3
['www.lakefrontbrewery.com'];24
['www.pointbeer.com'];24
['www.frankbeveragegroup.com'];2
['www.rhinelanderbrewery.com'];6
['tyranena.com'];2
['nextdoor.com'];1
['www.thefermentorium.com'];2
['www.goodassbeer.com'];1
['citylightsbrewing.com'];7
['hophausbrewing.com'];4
['justwineapp.com'];1
['www.lombardibrewing.com'];1
['thirdspacebrewing.com'];1
['gallery.multcolib.org'];2
['www.portlandmaine.com'];1
['www.portlandbrewing.com'];1
['www.cascadia.edu'];4
['classes.cascadia.edu'];1
['www.alamedabrewing.com'];4
['www.ezorchards.com'];2
['goodbeerhunting.com'];2
['www.beervalleybrewing.com'];1
['www.thebeersnobs.com'];1
['www.henryweinhards.com'];2
['www.snopes.com'];13
['tallgrassbeer.com'];14
['www.dcbrau.com'];6
['3starsbrewing.com'];3
['www.barrelsandmash.com'];5
['prairieales.com'];4
['kelofm.com'];1
['kelo.com'];1
['wtop.com'];3
['q957.com'];1
['www.prairie-gold.com'];2
['www.wheatmontana.com'];2
['www.mayerbrown.com'];1
['coopaleworks.com'];1
['santafebrewing.com'];9
['getplowed.com'];2
['www.abbeybrewing.biz'];5
['www.lacumbrebrewing.com'];10
['www.marblebrewery.com'];11
['www.sierrablancabrewery.com'];4
['www.nuevocerveza.com'];5
['www.santafegoldcorp.com'];2
['www.bloomberg.com'];2
['www.marketwatch.com'];1
['goodpeoplebrewing.com'];3
['www.backfortybeer.com'];2
['www.miaminewtimes.com'];1
['straighttoale.com'];1
['fairhopebrewing.com'];3
['www.coronausa.com'];12
['www.crownimportsllc.com'];38
['tecatebeerusa.com'];23
['es.wikipedia.org'];2
['indio.com.mx'];2
['chilibeer.com'];1
['broncowine.com'];1
['www.manosdecalaca.com'];3
['www.modelousa.com'];33
['www.dosequis.com'];41
['www.bajabrewingcompany.com'];1
['www.estrellajalisco.com'];4
['fortune.com'];4
['heinekenusa.com'];3
['www.montejo.com'];2
['cjwbeer.com'];1
['deadspin.com'];1
['underthejenfluence.beer'];1
['www.pbs.org'];4
['www.victoriassecret.com'];4
['fiestalatinabeer.com'];1
['www.fiestalatinabeer.com'];1
['www.agaveros.com'];1
['www.iheart.com'];1
['www.telemundo.com'];1
['www.cbrands.com'];4
['www.wishbeer.com'];1
['www.pinterest.cl'];1
['thehousebeer.es'];1
['cervezaduque.mx'];1
['brazosvalleybrewery.com'];2
['www.freetailbrewing.com'];14
['otxbc.com'];9
['www.legaldraftbeer.com'];8
['11belowbrewing.com'];4
['jesterkingbrewery.com'];4
['www.beerinbigd.com'];5
['www.bramanbrands.com'];1
['barrowbrewing.com'];1
['903brewers.com'];5
['www.audacitybrewhouse.com'];2
['dfwbrews.com'];2
['www.chron.com'];1
['mightyswell.com'];25
['www.buffbrew.com'];3
['www.cabelas.com'];2
['www.sportsmansguide.com'];2
['www.basspro.com'];2
['www.academy.com'];2
['www.scheels.com'];1
['drinkrangercreek.com'];2
['www.backpewbrewing.com'];1
['infidels.org'];1
['www.the-equinox.org'];1
['austineastciders.com'];16
['www.star-telegram.com'];3
['www.guidelive.com'];2
['www.britannica.com'];5
['portsmouthbrewery.com'];1
['www.povertylaneorchards.com'];1
['www.liquoroutletwinecellars.com'];3
['www.tuckermanbrewing.com'];6
['www.floridabeer.com'];1
['www.bigtopbrewing.com'];2
['www.inletbrewing.com'];1
['www.miamibrewing.org'];6
['www.crownwineandspirits.com'];3
['www.sptimes.com'];1
['www.tbbc.beer'];4
['www.graytonbeer.com'];1
['www.brewbususa.com'];2
['floridabeernews.com'];1
['www.boldcitybrewery.com'];4
['www.jdubsbrewing.com'];5
['beervibe.com'];1
['www.jjgrey.com'];1
['www.reallygoodbeerstop.com'];1
['www.persimmonhollowbrewing.com'];3
['www.bluewaternc.com'];1
['motorworksbrewing.com'];2
['twohenrysbrewing.com'];1
['www.fmbrew.com'];1
['www.cigarcitycider.com'];2
['www.intuitionaleworks.com'];1
['golfbeer.com'];2
['www.doorcountybrewingco.com'];8
['hinterlandbeer.com'];12
['baileysharbor.doorcounty.com'];1
['www.reddogmovie.com'];1
['minhasbrewery.com'];3
['www.newchic.com'];1
['www.stevenspointjournal.com'];2
['www.greatdanepub.com'];2
['shop.leinie.com'];5
['www.furthermorebeer.com'];3
['osobrewing.com'];1
['rushriverbeer.com'];6
['www.sandcreekbrewing.com'];8
['smalltownbrewery.com'];16
['www.minnpost.com'];3
['shop.hamms.com'];4
['www.maidenrockwinerycidery.com'];1
['www.hornygoatbrewco.com'];1
['onmilwaukee.com'];1
['www.jsonline.com'];1
['mkebrewing.com'];2
['www.peacetreebrewing.com'];1
['www.graybrewing.com'];3
['www.leftbankwine.com'];3
['aeppeltreow.com'];1
['www.osobrewing.com'];1
['www.norridist.com'];4
['www.wisconsinbeergeek.com'];1
['doorcountypulse.com'];2
['www.centralwaters.com'];3
['www.joesixpack.net'];4
['www.3sheepsbrewing.com'];4
['www.foxriverbrewing.com'];1
['www.rushriverscenic.com'];1
['www.raisedgrainbrewing.com'];2
['www.stonearchbrewpub.com'];2
['www.bosmeadery.com'];7
['www.wisconsindistributors.com'];1
['www.bestdamn.com'];11
['www.perennialbeer.com'];4
['schlafly.com'];25
['www.crownvalleybrewery.com'];5
['saintbrewis.com'];2
['raw.githubusercontent.com'];1
['ofallonbrewery.com'];1
['kraftig.com'];2
['budsandbrews.wordpress.com'];1
['www.themanual.com'];1
['gizmodo.com'];8
['business.time.com'];2
['www.discoverpacifico.com'];10
['www.lcbo.com'];7
['www.czechvar.com'];5
['pilsnerurquell.com'];5
['www.pragaglobal.com'];1
['www.globalbeer.com'];66
['www.pragapils.eu'];1
['www.primator.cz'];1
['www.staropramen.com'];1
['carlsberggroup.com'];12
['www.czechbeer.com'];1
['www.kulmbacher.biz'];1
['premiumnearbeer.com'];2
['www.dab-beer.com'];2
['www.liquormarts.ca'];1
['www.weihenstephaner.de'];18
['us.erdinger.de'];16
['www.rothaus.de'];1
['stkillian.com'];6
['www.warsteiner.us'];18
['www.possmann.com'];4
['www.familienbrauerei-dinkelacker.com'];1
['www.paulaner.com'];23
['eku.biz'];2
['www.bitburger-international.com'];16
['www.abkbeer.com'];1
['cellar.com'];1
['www.shbrands.com'];2
['www.hacker-pschorr.com'];8
['www.benediktiner-weissbier.de'];1
['www.weihenstephaner.com'];11
['www.beerhawk.co.uk'];10
['www.powersdistributing.com'];1
['schneider-weisse.de'];1
['www.hofbraupcb.com'];2
['beerstore.com.au'];2
['www.leibinger.de'];5
['acdc-beverage.com'];1
['www.hopfweisse.de'];1
['www.schofferhofer.us'];5
['www.foodandwine.com'];1
['www.ayinger.de'];1
['www.radeberger.com'];4
['www.beerhunter.com'];3
['www.upliftersspirits.com'];1
['www.leipziger-gose.com'];1
['andechs.de'];2
['www.beck.com'];7
['www.beckshybrids.com'];7
['sarmentosimports.com'];1
['www.grapevinedistributors.com'];1
['www.dallasnews.com'];3
['cedarcreekbrewery.com'];1
['nolabelbrew.com'];3
['www.arguscidery.com'];4
['www.franconiabrewing.com'];2
['franconiabrewing.com'];2
['www.austin360.com'];2
['rognessbrewing.com'];2
['goliadbrewing.com'];1
['www.tsbevco.com'];1
['www.austinchronicle.com'];4
['www.sacurrent.com'];1
['www.newscientist.com'];1
['www.nasa.gov'];1
['www.savetheworldbrewing.com'];3
['tuppsbrewery.com'];1
['www.noblereybrewing.com'];2
['www.alamobeer.com'];1
['www.oakhighlandsbrewery.com'];1
['liveoakbrewing.com'];1
['thirstyplanet.beer'];1
['twistedxbrewing.com'];6
['www.altstadtbeer.com'];2
['www.vdd-gna.org'];2
['altmoor.com'];1
['www.wpbrewing.com'];1
['www.ci.independence.mo.us'];5
['securelb.imodules.com'];1
['lib.law.washington.edu'];1
['www.smcm.edu'];1
['tricitybud.com'];1
['wildacrebrewing.com'];3
['www.frontiers.shop'];1
['www.barrelhousez.net'];5
['www.downtheroadbrewery.com'];6
['www.redgiant.com'];1
['www.buzzfeed.com'];2
['www.bluehillsbrewery.com'];2
['vencaf.org'];1
['stormalong.com'];3
['www.ballsquarefinewines.com'];1
['massbrewbros.com'];2
['beerfests.com'];1
['www.notchbrewing.com'];2
['www.forthillbrewery.com'];3
['www.mightysquirrel.com'];2
['www.ocearch.org'];1
['www.mystic-brewery.com'];2
['www.bantamcider.com'];2
['journeytothebeerstore.blogspot.com'];1
['www.labellamarkets.com'];1
['thefarmerwillies.com'];2
['www.prospectciderworks.com'];5
['www.redfin.com'];1
['www.airbnb.com'];1
['westernwashingtonbouldering.com'];1
['www.thebostoncalendar.com'];1
['www.nightshiftbrewing.com'];1
['whitelionbrewing.com'];3
['www.exhibit-a-brewing.com'];2
['thepartysource.com'];1
['www.milbest.com'];7
['www.barleyjohns.com'];2
['www.capitalsquare1031.com'];1
['oldtankardale.com'];1
['www.marketwired.com'];3
['forums.collectors.com'];1
['www.bernell.com'];1
['www.stoutsandstilettos.com'];1
['www.bluemountainschocolate.com.au'];1
['www.bluemountainorganics.com'];1
['www.nabo.com.au'];1
['www.tripadvisor.co.nz'];1
['www.escutcheonbrewing.com'];1
['potterscraftcider.com'];1
['medium.com'];1
['www.virginiabeerco.com'];4
['chemistry.tcnj.edu'];1
['www.oconnorrv.com'];1
['utahbeer.blogspot.com'];2
['www.uintabrewing.com'];63
['www.wasatchbeers.com'];1
['accs.army.mil'];1
['www.wineaccess.com'];3
['epicbrewing.com'];4
['thisiswhyimdrunk.blog'];1
['everydaydrinkers.com'];1
['wildbluelager.com'];1
['www.budweiserselect.com'];9
['www.greyeagle.com'];1
['www.uerige.de'];3
['www.germansteins.com'];1
['www.saveur.com'];1
['www.suenner-brauerei.de'];1
['www.maisel.com'];3
['www.xn--mnchshof-n4a.de'];3
['moosbacher.com'];1
['www.einbecker.de'];3
['bier-wein.de'];1
['www.stiegl.at'];8
['www.clausthaler.com'];4
['www.schlenkerla.de'];7
['www.tucher-usa.com'];1
['www.catawiki.com'];1
['www.krombacher.com'];4
['www.hofbrauhaus.us'];1
['www.ocado.com'];8
['www.warsteiner.com'];1
['www.veltins.com'];4
['www.gaffel.com'];2
['www.jever.de'];1
['www.millstreambrewing.com'];3
['empyreanbrewingco.com'];1
['tinmanbrewing.com'];2
['www.centralstatebrewing.com'];1
['www.sunkingbrewing.com'];1
['www.carlsberg.com'];3
['toolbeer.dk'];7
['www.beerscenemag.com'];1
['www.somersbycider.com'];3
['www.lambic.info'];26
['www.supervin.dk'];1
['shop.hopburnsblack.co.uk'];1
['honestbrew.co.uk'];3
['belgium.beertourism.com'];50
['bestbelgianspecialbeers.be'];2
['petrussourbeer.com'];5
['belgiuminabox.com'];5
['www.omervanderghinste.be'];4
['palm.be'];2
['www.brasserielefebvre.be'];2
['www.achouffe.be'];13
['www.beerofbelgium.com'];16
['wettenimporters.com'];6
['www.deranke.be'];6
['www.journal-advocate.com'];5
['www.stellaartois.com'];31
['www.ab-inbev.com'];13
['www.themusketeers.be'];4
['belgianbeerjournal.com'];2
['maps.google.com'];3
['fr.wikipedia.org'];2
['www.brasseriedejandrainjandrenouille.com'];2
['brunehaut.com'];7
['bocq.be'];2
['medlineplus.gov'];3
['emedicine.medscape.com'];4
['www.therecoveryvillage.com'];3
['www.xnxx.com'];2
['www.xvideos.com'];2
['www.pornhub.com'];1
['www.st-feuillien.com'];5
['www.specialtybeer.com'];8
['www.fishseddy.com'];1
['premiumbeveragesupply.com'];1
['www.delirium.be'];9
['www.lindemans.be'];3
['winestyleonline.com'];1
['www.scheldebrouwerij.com'];2
['www.duvel.com'];7
['chimay.com'];17
['www.latisimports.com'];4
['brouwerijsterkens.be'];2
['www.hetanker.be'];13
['belgianfamilybrewers.be'];2
['anthonymartin.be'];9
['www.fullers.co.uk'];9
['www.oldspeckledhen.co.uk'];3
['www.jwlees.co.uk'];3
['www.thornbridgebrewery.com'];2
['www.timothytaylor.co.uk'];1
['www.strongbow.com'];7
['www.aspall.co.uk'];5
['www.wlvliquors.com'];1
['www.ironmaidenbeer.com'];7
['www.hobsons-brewery.co.uk'];1
['www.hobsons-brewery.com'];1
['www.robinsonsbrewery.com'];9
['www.telegraph.co.uk'];7
['www.wychwood.co.uk'];10
['www.greeneking.co.uk'];1
['www.hitimewine.net'];1
['sapporobeer.com'];19
['umamimart.com'];7
['www.kirinichiban.com'];7
['www.grubstreet.com'];7
['kirinusa.beer'];7
['bairdbeer.com'];2
['www.coedobrewery.com'];3
['beertengoku.com'];1
['www.asahibeer.com'];5
['asahisuperdry.deviantart.com'];5
['lamtc.com'];1
['www.silkroadwineandspirits.com'];2
['hitachino.cc'];6
['www.kodawari.cc'];5
['www.justyo.co'];3
['play.google.com'];3
['www.visitmexico.com'];3
['www.sanmiguel.com'];3
['www.sanmiguelcafe.com'];3
['sanmiguelbrewery.com.ph'];2
['hywelsbiglog.wordpress.com'];2
['www.zywiecusa.com'];4
['articles.chicagotribune.com'];1
['www.amazon.co.uk'];3
['www.wolfbelgium.com'];1
['nl.wikipedia.org'];4
['www.dedollebrouwers.be'];2
['www.gueuzerietilquin.be'];3
['www.sintbernardus.be'];10
['www.history.com'];6
['www.sacred-texts.com'];2
['www.livescience.com'];2
['www.belgianbeerfactory.com'];9
['rodenbachalexander.be'];1
['thisdrinkinglife.com'];3
['www.hoftendormaal.com'];2
['www.orval.be'];1
['www.vanhonsebrouck.be'];13
['struise.com'];1
['www.brouwerijverhaeghe.be'];4
['savdist.com'];1
['www.beermerchants.com'];6
['www.bierebel.com'];2
['dubuisson.com'];15
['beercollector.com.au'];1
['www.paterlieven.be'];1
['www.affligembeer.com'];3
['www.bmcfinespirits.com'];1
['morewines.com'];2
['www.grimbergenbeer.com'];3
['www.oudbeersel.com'];8
['www.trappistwestmalle.be'];4
['www.shop.lavinotheque.us'];2
['www.liefmans.be'];5
['silly-beer.com'];2
['www.beersofeurope.co.uk'];2
['www.belgianhappiness.com'];1
['www.blacksheepbrewery.com'];5
['hoptripper.com'];1
['www.stpetersbrewery.co.uk'];6
['www.insidebeer.com'];1
['www.conistonbrewery.com'];2
['blackthornus.com'];1
['oliversciderandperry.co.uk'];1
['sainsburys.co.uk'];1
['www.wyders.com'];5
['molsoncanadian.ca'];7
['www.molsoncoors.com'];14
['www.unibroue.com'];52
['moosehead.ca'];3
['www.kokaneebeer.ca'];5
['seacider.ca'];25
['muskokabrewery.com'];4
['www.bcliquorstores.com'];2
['beermebc.com'];1
['parallel49brewing.com'];1
['www.shoppersvineyard.com'];4
['jablonowo.pl'];3
['www.browar-amber.pl'];1
['www.superbock.pt'];1
['www.drinksupermarket.com'];1
['www.sagres.pt'];1
['harviestoun.com'];5
['www.traquair.co.uk'];2
['www.belhaven.co.uk'];3
['www.williamsbrosbrew.com'];1
['www.beercartel.com.au'];3
['www.crabbiesgingerbeer.com'];10
['www.media-studies.ca'];15
['dothack.wikia.com'];15
['www.orkneybrewery.co.uk'];9
['www.crabbies.co.uk'];5
['www.mcewans.co.uk'];1
['www.whiskyshop.com'];1
['www.blackislebrewery.com'];1
['www.bestbeersfrombelgium.eu'];2
['www.straffehendrik.be'];1
['www.brasserie-dupont.com'];5
['www.leffe.com'];3
['drinkbelgianbeer.com'];1
['store2.craftbeertemple.com'];1
['embracethefunk.com'];1
['wh40k.lexicanum.com'];1
['yeastieboys.co.nz'];3
['yeastieboys.tumblr.com'];1
['www.moabeer.com'];4
['garageproject.co.nz'];3
['www.epicbeer.com'];1
['www.mallofamerica.com'];1
['8wired.co.nz'];6
['www.net-armageddon.org'];2
['boardgamegeek.com'];1
['www.tuatarabrewing.co.nz'];1
['www.zeffer.co.nz'];1
['www.timelesswines.com'];1
['kronenbourg1664.com'];2
['brasseriecastelain.com'];2
['christmasbeer.net'];1
['presidentesupermarkets.com'];3
['fargobrewing.com'];5
['kopparberg.com'];6
['kopparberg.us'];2
['www.rekorderlig.com'];8
['www.labattus.com'];22
['collectiveartsbrewing.com'];1
['www.flyingmonkeys.ca'];2
['glutenberg.ca'];2
['www.schloss-eggenberg.at'];3
['craftypint.com'];1
['www.fostersbeer.com'];3
['coopers.com.au'];4
['www.jamesboag.com.au'];1
['www.danmurphys.com.au'];1
['www.quilmes.com.au'];1
['thenaysh.com'];1
['www.nogne-o.com'];10
['www.luckydrinkco.com'];1
['www.brewerygems.com'];1
['www.redbridgebeer.com'];1
['ghostfishbrewing.com'];6
['dauradamm.com'];4
['melvinbrewing.com'];2
['www.greatestbeersoftheworld.com'];2
['www.wineanthology.com'];1
['www.finestfrombelgium.com'];1
['www.finestbelgianbeers.com'];1
['www.callebaut.com'];1
['www.ericsson.com'];1
['www.fruli.be'];2
['www.kazematten.be'];3
['www.palm.be'];1
['www.belgianbeerz.com'];2
['bombrewery.com'];1
['store.belgianshop.com'];6
['www.wineanorak.com'];1
['www.12percentimports.com'];2
['pwencycl.kgbudge.com'];2
['www.hollandianurseries.com'];2
['wikitravel.org'];1
['www.latrappetrappist.com'];9
['www.bombardier.co.uk'];1
['www.oakhamales.com'];3
['groceries.morrisons.com'];1
['www.deuxamisbeer.com'];1
['www.brewersfriend.com'];1
['www.classicales.co.uk'];1
['shop.fullers.co.uk'];1
['www.henneys.co.uk'];2
['www.winerepublic.com.au'];1
['www.darwinbrewery.com'];1
['www.brewlab.co.uk'];1
['www.guinness.com'];33
['www.maxim.com'];1
['www.theporterhouse.ie'];1
['www.murphys.com'];2
['www.carlowbrewing.com'];5
['usa.magners.com'];6
['www.magners.com'];6
['www.smithwicks.com'];3
['www.almaza.com.lb'];1
['malkabeer.co.il'];1
['www.tempo.co.il'];1
['redstriperestaurants.com'];2
['redstripebeer.com'];5
['thecarouser.com'];1
['www.palaceresorts.com'];3
['www.coolhunting.com'];3
['www.cblbahamas.com'];2
['www.caribbrewery.com'];3
['www.maliburumdrinks.com'];1
['www.stjohnbrewers.com'];4
['www.banksbeer.com'];1
['www.totalbeveragesolution.com'];2
['www.ganddfree.co.uk'];1
['www.unityvibrationkombucha.com'];3
['www.newplanetbeer.com'];9
['nogluten-noproblem.com'];3
['www.glutenfreebeer.org'];2
['www.thestar.com'];1
['www.celialager.co.uk'];2
['glutenfreebostonandbeyond.com'];1
['www.newgrist.com'];1
['wwww.ebay.com'];1
['picclick.com'];1
['www.larulles.be'];1
['www.wiredforwine.com'];4
['www.brouwerij-strubbe.be'];1
['thebest-beerblog.blogspot.com'];1
['amstellight.com'];6
['www.jopenbier.nl'];2
['www.heineken.com'];16
['www.saucey.com'];1
['www.oranjeboom1671.com'];2
['www.theheinekencompany.com'];18
['global.blade.shop'];1
['www.washingtoncitypaper.com'];1
['eng.baltika.ru'];9
['www.goldenpheasant.com'];1
['animalcorner.co.uk'];1
['www.beautyofbirds.com'];1
['www.skibeerusa.com'];1
['www.lithuanianbeer.co.uk'];1
['einstokbeer.com'];10
['www.averageguysguidetobeer.com'];1
['septem.gr'];2
['www.kingfisherbeerusa.com'];4
['www.tajblues.com'];2
['www.702.co.za'];1
['lionbeer.com'];2
['www.haskells.com'];1
['www.martinsofflicence.ie'];1
['www.deflepparduk.com'];2
['imperialbeer.com'];2
['www.cervezaaguila.com'];2
['www.cervezatona.com'];3
['m.eabl.com'];1
['www.artisanwinedepotlg.com'];1
['www.boozeplanet.com'];1
['www.brewgene.com'];1
['www.meijer.com'];1
['www.vibe.com'];1
['www.atomiumbeer.com'];1
['jessenhofke.be'];2
['biomijnnatuur.be'];1
['theaposition.com'];1
['paixdieubeer.be'];1
['www.imgrum.org'];1
['www.panilbeer.it'];1
['www.spothopperapp.com'];2
['www.birramoretti.com'];4
['www.eataly.net'];2
['angioletticider.com'];2
['www.birramenabrea.com'];1
['www.menabrea.co.uk'];1
['www.beersyndicate.com'];2
['www.elizabethminchilliinrome.com'];2
['www.winespecialiststore.com'];1
['www.peroniitaly.com'];5
['www.baladin.it'];1
['www.birradamare.it'];2
['birradelborgo.it'];1
['mikescraftbeer.com'];1
['factsofbeer.wordpress.com'];3
['www.steamworks.com'];2
['mcauslan.com'];3
['www.moosehead.ca'];4
['iamthebeersnob.com'];1
['hiredgunscreative.com'];1
['www.adorebeauty.com.au'];1
['stellarosawines.com'];1
['winefolly.com'];1
['www.tesco.com'];1
['www.nhs.uk'];1
['corzman69.tripod.com'];1
['www.brasseriebfm.ch'];6
['www.bottlecraftbeer.com'];2
['mundobirruno.blogspot.com'];1
['thebeerocrat.blogspot.com'];2
['changbeer.com'];1
['www.changbeer.com'];1
['www.singhabeer.com'];1
['www.boonrawd.co.th'];1
['beerlao.la'];1
['www.hinano.com'];1
['www.tigerbeer.com'];3
['edgebrewing.com'];1
['www.jamesclay.co.uk'];2
['www.estrelladamm.com'];6
['www.erboqueron.com'];1
['munchies.vice.com'];1
['www.tiendadelicias.com'];2
['www.purespain.co.uk'];2
['theciderblog.wordpress.com'];2
['www.nectar.net'];2
['www.lasocarrada.com'];4
['www.spanishtable.com'];2
['www.moritzembroidery.com'];1
['www.moritzinternational.com'];1
['moritzlaw.osu.edu'];2
['www.estrellagaliciausa.com'];3
['yourspanishcorner.com'];1
['www.cervezasalhambra.com'];1
['birrapedia.com'];1
['www.maelocway.com'];6
['www.babycenter.com'];3
['nameberry.com'];3
['www.behindthename.com'];3
['www.centralbeer.com'];1
['www.cbn.bo'];1
['www.birrabox.com'];1
['elrinconbirrero.blogspot.com'];1
['www.xingubeer.com'];2
['pt.wikipedia.org'];1
['www.cervejaitaipava.com.br'];1
['www.booking.com'];1
['www.underconsideration.com'];1
['www.brejas.com.br'];1
['www.trademarkia.com'];1
['panjiva.com'];1
['www.cristal.com.pe'];1
['www.cusquena.com'];2
['www.tripsavvy.com'];2
['alcoholreviews.com'];1
['www.cerveceradelcentro.com'];3
